FileName,Grain #,Area,equivalent_diameter,orientation,MajorAxisLength,MinorAxisLength,Perimeter,MinIntensity,MeanIntensity,MaxIntensity
5acf7809-e2ae-421d-ab9e-c2511f2a8053.csv,1
,,11851.75
,,122.8418364170569
,,-85.05888312114301
,,591.3322035879457
,,419.86459039996566
,,9910.450734546426
,,46.0
,,133.13603476279874
,,255.0
5acf7809-e2ae-421d-ab9e-c2511f2a8053.csv,2
,,692.0
,,29.683021493047715
,,-11.182391923960827
,,45.10822966319388
,,21.023740489285572
,,116.92031021678298
,,143.0
,,203.10910404624278
,,214.0
5acf7809-e2ae-421d-ab9e-c2511f2a8053.csv,3
,,149.75
,,13.808244704671576
,,-86.00642083848983
,,44.6416946691395
,,6.056522706539645
,,89.38477631085024
,,144.0
,,203.69616026711185
,,217.0
5acf7809-e2ae-421d-ab9e-c2511f2a8053.csv,4
,,2097.25
,,51.674961395203965
,,16.78298802525843
,,83.96663845390586
,,39.177823195836524
,,257.46551211459376
,,84.0
,,205.97389438550482
,,229.0
5acf7809-e2ae-421d-ab9e-c2511f2a8053.csv,5
,,148.0
,,13.727325035155395
,,87.58798784058332
,,18.516624315183332
,,10.601630302788752
,,49.62436867076458
,,173.0
,,211.1283783783784
,,223.0
5acf7809-e2ae-421d-ab9e-c2511f2a8053.csv,6
,,3203.25
,,63.86317069855607
,,-77.93170820619285
,,80.70148013022921
,,59.07008831083828
,,319.90663761154804
,,68.0
,,207.1688909701085
,,224.0
5acf7809-e2ae-421d-ab9e-c2511f2a8053.csv,7
,,3834.75
,,69.87528421533014
,,77.04769300422673
,,98.52816548350512
,,54.658031397140384
,,364.40106396740146
,,77.0
,,210.62024903839884
,,234.0
5acf7809-e2ae-421d-ab9e-c2511f2a8053.csv,8
,,316.5
,,20.074369626682653
,,82.08437525258658
,,35.89925497327042
,,13.421500897347487
,,92.2842712474619
,,169.0
,,210.71879936808847
,,236.0
5acf7809-e2ae-421d-ab9e-c2511f2a8053.csv,9
,,308.5
,,19.819041337834626
,,-88.64486557579436
,,23.943210829505063
,,17.53204068773048
,,79.2842712474619
,,110.0
,,211.12803889789302
,,229.0
5acf7809-e2ae-421d-ab9e-c2511f2a8053.csv,10
,,289.75
,,19.207320429643833
,,-81.64070344104053
,,34.44289509638462
,,11.364743702703754
,,82.67766952966369
,,166.0
,,207.38567730802416
,,233.0
5acf7809-e2ae-421d-ab9e-c2511f2a8053.csv,11
,,113.5
,,12.02134303343187
,,89.81823667868431
,,18.319704951609722
,,9.366049451971127
,,51.38477631085023
,,155.0
,,199.58590308370043
,,214.0
5acf7809-e2ae-421d-ab9e-c2511f2a8053.csv,12
,,6389.25
,,90.19448853006007
,,-84.28993587838653
,,185.52251436807228
,,53.63842821947234
,,576.9284989122459
,,61.0
,,209.15682591853505
,,238.0
5acf7809-e2ae-421d-ab9e-c2511f2a8053.csv,13
,,119.5
,,12.334995970645954
,,84.47425227017838
,,19.25760591422599
,,8.634257476249385
,,51.72792206135786
,,147.0
,,206.7071129707113
,,220.0
5acf7809-e2ae-421d-ab9e-c2511f2a8053.csv,14
,,134.25
,,13.074112164146964
,,80.14821185170213
,,17.925555948914
,,9.956886263920437
,,50.142135623730944
,,147.0
,,206.3314711359404
,,223.0
5acf7809-e2ae-421d-ab9e-c2511f2a8053.csv,15
,,361.0
,,21.43920417481474
,,-79.3456895608246
,,31.578057642972233
,,15.221201539972927
,,85.1659992311072
,,94.0
,,202.85595567867037
,,238.0
5acf7809-e2ae-421d-ab9e-c2511f2a8053.csv,16
,,255.5
,,18.03642713177513
,,-86.70406565770732
,,27.164988143397792
,,12.529472315532475
,,68.62741699796952
,,141.0
,,197.16634050880626
,,213.0
5acf7809-e2ae-421d-ab9e-c2511f2a8053.csv,17
,,297.75
,,19.470672162123595
,,-78.14037193898079
,,34.28391974770056
,,12.375403456922427
,,93.47970773009196
,,87.0
,,197.26112510495383
,,221.0
5acf7809-e2ae-421d-ab9e-c2511f2a8053.csv,18
,,2131.5
,,52.09520217450931
,,66.53147020294186
,,59.704110914211086
,,46.11245915722946
,,210.54520189781084
,,90.0
,,210.31034482758622
,,227.0
5acf7809-e2ae-421d-ab9e-c2511f2a8053.csv,19
,,1.5
,,1.381976597885342
,,45.00001609038752
,,1.8257418583505538
,,1.05409255338946
,,2.7071067811865475
,,206.0
,,206.16666666666666
,,207.0
5acf7809-e2ae-421d-ab9e-c2511f2a8053.csv,20
,,1649.25
,,45.82456021779661
,,-75.25206526738262
,,69.67740292193292
,,33.50411426398255
,,201.48885271170678
,,92.0
,,202.66969834773383
,,233.0
5acf7809-e2ae-421d-ab9e-c2511f2a8053.csv,21
,,167.25
,,14.592782937361742
,,-66.81623175612494
,,16.29247335147302
,,14.129026870821177
,,59.66599923110719
,,148.0
,,209.27354260089686
,,231.0
5acf7809-e2ae-421d-ab9e-c2511f2a8053.csv,22
,,2562.75
,,57.122628119424256
,,10.232352148126598
,,90.90184796184762
,,44.26487782960187
,,303.4360748630709
,,105.0
,,207.09111306214027
,,225.0
5acf7809-e2ae-421d-ab9e-c2511f2a8053.csv,23
,,2068.75
,,51.32264907592814
,,-54.82678119102601
,,55.55376540836773
,,52.734043747032
,,247.95941546018392
,,123.0
,,207.79093655589125
,,222.0
5acf7809-e2ae-421d-ab9e-c2511f2a8053.csv,24
,,480.0
,,24.721548929484133
,,-68.3427319223168
,,29.07718566331773
,,24.13033322120165
,,113.29341622907671
,,88.0
,,200.77395833333333
,,220.0
5acf7809-e2ae-421d-ab9e-c2511f2a8053.csv,25
,,573.25
,,27.016375941629036
,,40.61434824263922
,,42.99946997556349
,,17.73594790081619
,,125.9710857587404
,,115.0
,,209.21238552115133
,,230.0
5acf7809-e2ae-421d-ab9e-c2511f2a8053.csv,26
,,525.75
,,25.872875577417208
,,-40.189809799539134
,,48.757051469688705
,,16.660366057905666
,,120.89696961966999
,,113.0
,,204.79790775083214
,,237.0
5acf7809-e2ae-421d-ab9e-c2511f2a8053.csv,27
,,6915.25
,,93.83373466792119
,,79.04324020859111
,,130.64587887187471
,,84.50264021498481
,,676.3610024378486
,,76.0
,,208.5500885723582
,,231.0
5acf7809-e2ae-421d-ab9e-c2511f2a8053.csv,28
,,1784.25
,,47.66316877520539
,,-67.59163450098355
,,61.11015432844802
,,41.15775043104397
,,226.86500705120545
,,68.0
,,208.91200784643408
,,239.0
5acf7809-e2ae-421d-ab9e-c2511f2a8053.csv,29
,,684.5
,,29.521728749706018
,,21.12561013101962
,,43.74957390035443
,,21.54488930212165
,,124.43250352560273
,,87.0
,,199.55770635500366
,,217.0
5acf7809-e2ae-421d-ab9e-c2511f2a8053.csv,30
,,674.0
,,29.294426998176625
,,44.00862124847424
,,33.94746533076659
,,27.38300048244229
,,116.15737725975565
,,73.0
,,216.46550445103858
,,238.0
5acf7809-e2ae-421d-ab9e-c2511f2a8053.csv,31
,,172.75
,,14.830783234644061
,,29.984923449896794
,,19.868178560433496
,,11.465493677792498
,,60.026911934581186
,,145.0
,,211.0217076700434
,,236.0
5acf7809-e2ae-421d-ab9e-c2511f2a8053.csv,32
,,536.25
,,26.129958014972605
,,-8.213760203421897
,,33.21084457938965
,,25.57725840015895
,,146.0538238691624
,,113.0
,,208.75524475524475
,,230.0
5acf7809-e2ae-421d-ab9e-c2511f2a8053.csv,33
,,154.5
,,14.02553063743339
,,3.329567334079234
,,27.48234851473486
,,8.29577294632017
,,64.47056274847714
,,127.0
,,207.37540453074433
,,233.0
5acf7809-e2ae-421d-ab9e-c2511f2a8053.csv,34
,,1930.5
,,49.578109495131336
,,-23.6164555953103
,,87.18260753452911
,,33.89222566854752
,,289.23506473629425
,,67.0
,,205.76184926184925
,,223.0
5acf7809-e2ae-421d-ab9e-c2511f2a8053.csv,35
,,105.25
,,11.576202403352141
,,-25.94604778845113
,,13.780116915503212
,,11.148760901277686
,,50.11269837220809
,,80.0
,,193.978622327791
,,220.0
5acf7809-e2ae-421d-ab9e-c2511f2a8053.csv,36
,,214.0
,,16.50676414605009
,,80.96999026696135
,,19.25965284759057
,,14.58028982453769
,,65.99137802864846
,,167.0
,,210.05957943925233
,,228.0
5acf7809-e2ae-421d-ab9e-c2511f2a8053.csv,37
,,4953.5
,,79.41657311194955
,,13.07327579436072
,,107.87178144114684
,,85.13437206364868
,,526.9432175380074
,,93.0
,,216.17553245180176
,,238.0
5acf7809-e2ae-421d-ab9e-c2511f2a8053.csv,38
,,250.0
,,17.841241161527712
,,-62.92023842093139
,,21.201230113284776
,,15.301123020338954
,,66.35533905932738
,,108.0
,,207.483
,,227.0
5acf7809-e2ae-421d-ab9e-c2511f2a8053.csv,39
,,2583.75
,,57.356191241307826
,,-81.87683642748476
,,103.55556709437548
,,38.37554584897918
,,329.6198410471445
,,67.0
,,202.41325592646348
,,232.0
5acf7809-e2ae-421d-ab9e-c2511f2a8053.csv,40
,,196.0
,,15.797308339337176
,,41.06220163661111
,,21.488198523417257
,,12.225697230460717
,,62.961940777125584
,,81.0
,,195.78954081632654
,,225.0
5acf7809-e2ae-421d-ab9e-c2511f2a8053.csv,41
,,2651.0
,,58.097831569628454
,,56.563881401633466
,,96.93026593926291
,,47.850404818425424
,,371.3330444827409
,,64.0
,,209.44256884194644
,,231.0
5acf7809-e2ae-421d-ab9e-c2511f2a8053.csv,42
,,194.25
,,15.726626515715484
,,16.055039393481607
,,24.06020671065412
,,11.703440995220626
,,75.08021279348029
,,106.0
,,200.989703989704
,,224.0
5acf7809-e2ae-421d-ab9e-c2511f2a8053.csv,43
,,169.5
,,14.690612745308144
,,5.816717312874673
,,16.286165096016187
,,14.556487378747782
,,61.71625176280136
,,129.0
,,203.71238938053096
,,217.0
5acf7809-e2ae-421d-ab9e-c2511f2a8053.csv,44
,,258.0
,,18.12445316531431
,,0.21618699788231413
,,50.18001492039106
,,6.785564724459856
,,100.79594154601838
,,171.0
,,204.64437984496124
,,219.0
5acf7809-e2ae-421d-ab9e-c2511f2a8053.csv,45
,,436.0
,,23.56124872549269
,,-62.06898690026279
,,38.30812686122147
,,15.829826178342723
,,115.62489168102786
,,70.0
,,210.338876146789
,,231.0
5acf7809-e2ae-421d-ab9e-c2511f2a8053.csv,46
,,10.75
,,3.6996385101659595
,,-32.46977040737244
,,7.663812264192859
,,2.6179890990292525
,,15.346194077712559
,,183.0
,,196.41860465116278
,,209.0
5acf7809-e2ae-421d-ab9e-c2511f2a8053.csv,47
,,193.75
,,15.706373285785544
,,73.09969245989747
,,18.281989073878172
,,13.688057630813523
,,55.23401871576773
,,75.0
,,211.64129032258066
,,241.0
5acf7809-e2ae-421d-ab9e-c2511f2a8053.csv,48
,,409.0
,,22.820056393372074
,,-58.69226220668361
,,38.232913294911015
,,14.183206040141895
,,101.46498910433053
,,88.0
,,205.3257946210269
,,224.0
5acf7809-e2ae-421d-ab9e-c2511f2a8053.csv,49
,,167.75
,,14.614579488624488
,,-41.16943521676818
,,16.6677161759669
,,13.307430326526477
,,60.76955262170047
,,138.0
,,208.05812220566318
,,217.0
5acf7809-e2ae-421d-ab9e-c2511f2a8053.csv,50
,,1.75
,,1.4927053303604616
,,-9.615339625930318
,,2.8362261523908026
,,0.7803091931947627
,,3.0
,,213.0
,,213.71428571428572
,,218.0
5acf7809-e2ae-421d-ab9e-c2511f2a8053.csv,51
,,12.25
,,3.949327084834294
,,-18.194159684571122
,,5.634873395480215
,,3.3610908218715667
,,14.881727983645296
,,183.0
,,212.10204081632654
,,218.0
5acf7809-e2ae-421d-ab9e-c2511f2a8053.csv,52
,,284.5
,,19.0325156108475
,,7.186622877326505
,,24.922519495894623
,,14.94272902321337
,,80.11879502661797
,,110.0
,,205.61862917398946
,,227.0
5acf7809-e2ae-421d-ab9e-c2511f2a8053.csv,53
,,117.0
,,12.205286835384658
,,55.60880110363018
,,17.00564857797381
,,10.297301208032774
,,56.14823227814083
,,154.0
,,205.08760683760684
,,223.0
5acf7809-e2ae-421d-ab9e-c2511f2a8053.csv,54
,,326.0
,,20.37341629633241
,,-15.59843878312968
,,36.800893024574016
,,14.382062464365276
,,111.37615433949868
,,110.0
,,203.06518404907976
,,226.0
5acf7809-e2ae-421d-ab9e-c2511f2a8053.csv,55
,,267.0
,,18.437867513470433
,,-26.75923619516529
,,23.235172437508428
,,15.788688576859265
,,72.16599923110721
,,101.0
,,208.02621722846442
,,225.0
5acf7809-e2ae-421d-ab9e-c2511f2a8053.csv,56
,,662.25
,,29.03795599729536
,,47.481622201806736
,,48.45820334127975
,,22.379967975077985
,,149.92083322704622
,,101.0
,,206.3359758399396
,,230.0
5acf7809-e2ae-421d-ab9e-c2511f2a8053.csv,57
,,3815.75
,,69.70196405283855
,,-13.390480066184946
,,101.35591480653544
,,51.253124117381816
,,307.9954723763799
,,83.0
,,213.6199305510057
,,241.0
5acf7809-e2ae-421d-ab9e-c2511f2a8053.csv,58
,,413.0
,,22.93137440223813
,,67.69922498566217
,,27.253650054325174
,,19.816404549336493
,,89.80813485483814
,,76.0
,,211.98728813559322
,,232.0
5acf7809-e2ae-421d-ab9e-c2511f2a8053.csv,59
,,159.75
,,14.261837794318172
,,-59.385575610872465
,,18.144964613534295
,,12.824495714717793
,,61.822853480599576
,,107.0
,,207.48982785602504
,,222.0
5acf7809-e2ae-421d-ab9e-c2511f2a8053.csv,60
,,234.5
,,17.279313448178307
,,35.63047476431904
,,22.86082254550152
,,14.66579287822201
,,73.96194077712559
,,121.0
,,207.61300639658847
,,235.0
5acf7809-e2ae-421d-ab9e-c2511f2a8053.csv,61
,,3.0
,,1.9544100476116797
,,11.656874778994535
,,5.099948881227252
,,0.7756497405272591
,,5.603553390593274
,,205.0
,,209.08333333333334
,,210.0
5acf7809-e2ae-421d-ab9e-c2511f2a8053.csv,62
,,58.0
,,8.593479713983122
,,27.05576046905921
,,13.454583464791675
,,7.578187459298221
,,42.59493141924172
,,113.0
,,202.4956896551724
,,222.0
5acf7809-e2ae-421d-ab9e-c2511f2a8053.csv,63
,,68.75
,,9.356025796273888
,,84.77966916807411
,,10.248942142342678
,,9.049862507750785
,,35.71320343559643
,,95.0
,,203.1418181818182
,,225.0
5acf7809-e2ae-421d-ab9e-c2511f2a8053.csv,64
,,121.0
,,12.412170838050638
,,37.3087539454628
,,17.834918653233125
,,9.392469890715288
,,53.198484809834994
,,148.0
,,196.7582644628099
,,217.0
5acf7809-e2ae-421d-ab9e-c2511f2a8053.csv,65
,,8.75
,,3.3377905890622728
,,43.82525353698493
,,6.149436806546281
,,2.5676039857423487
,,13.65685424949238
,,207.0
,,213.0857142857143
,,218.0
5acf7809-e2ae-421d-ab9e-c2511f2a8053.csv,66
,,0.25
,,0.5641895835477563
,,-45.00001609038752
,,0.0
,,0.0
,,0.0
,,215.0
,,215.0
,,215.0
5acf7809-e2ae-421d-ab9e-c2511f2a8053.csv,67
,,261.75
,,18.255696394123913
,,15.95203570463838
,,29.147504924465984
,,13.801185489339195
,,100.40863991822648
,,111.0
,,195.32473734479464
,,218.0
5acf7809-e2ae-421d-ab9e-c2511f2a8053.csv,68
,,1075.25
,,37.00068675682228
,,-41.0335261280096
,,42.97395647655813
,,32.707059010854344
,,144.2670273047588
,,99.0
,,204.36526389211812
,,232.0
5acf7809-e2ae-421d-ab9e-c2511f2a8053.csv,69
,,75.25
,,9.788323438736636
,,-14.004853386487282
,,12.053791321088578
,,9.66413872915548
,,42.54163056034261
,,157.0
,,201.58803986710964
,,213.0
5acf7809-e2ae-421d-ab9e-c2511f2a8053.csv,70
,,128.75
,,12.80349918517013
,,-15.762062026634107
,,22.60261398939008
,,12.810403833222427
,,76.54467888754755
,,109.0
,,200.52815533980583
,,225.0
5acf7809-e2ae-421d-ab9e-c2511f2a8053.csv,71
,,385.25
,,22.147585299739145
,,89.41760229522018
,,28.069604048471305
,,18.086603931775418
,,83.32285348059958
,,146.0
,,205.15833874107722
,,224.0
5acf7809-e2ae-421d-ab9e-c2511f2a8053.csv,72
,,5865.75
,,86.42051179859027
,,38.10249745474099
,,148.24174005093812
,,58.18360960059154
,,520.342712474619
,,76.0
,,215.1040787623066
,,238.0
5acf7809-e2ae-421d-ab9e-c2511f2a8053.csv,73
,,338.0
,,20.7449985808745
,,-83.58211347432932
,,26.65707814204006
,,17.96665597021147
,,80.52691193458118
,,123.0
,,206.00295857988166
,,226.0
5acf7809-e2ae-421d-ab9e-c2511f2a8053.csv,74
,,176.75
,,15.001502909106808
,,-6.404320637752024
,,19.668704980099616
,,11.761449386843486
,,53.4350288425444
,,104.0
,,203.18387553041018
,,224.0
5acf7809-e2ae-421d-ab9e-c2511f2a8053.csv,75
,,1933.0
,,49.6102009668684
,,58.050720092923065
,,66.33098342037512
,,40.75834836249678
,,207.23759005323592
,,87.0
,,214.39239524055873
,,237.0
5acf7809-e2ae-421d-ab9e-c2511f2a8053.csv,76
,,274.25
,,18.686517737224836
,,-65.31939517074946
,,30.3454855796434
,,16.310486463771916
,,103.44417382415922
,,85.0
,,194.1440291704649
,,220.0
5acf7809-e2ae-421d-ab9e-c2511f2a8053.csv,77
,,937.25
,,34.54480805132707
,,25.764763214801143
,,46.29113009852243
,,32.729379420565216
,,167.82895013500945
,,116.0
,,207.3971725793545
,,224.0
5acf7809-e2ae-421d-ab9e-c2511f2a8053.csv,78
,,2023.0
,,50.751981232255694
,,18.62274018041224
,,61.696262986218514
,,43.33303269989771
,,202.7553570062023
,,58.0
,,223.08391003460207
,,248.0
5acf7809-e2ae-421d-ab9e-c2511f2a8053.csv,79
,,466.0
,,24.35835848013133
,,15.421812988103133
,,33.00540133449249
,,19.11293436457114
,,102.39696961966999
,,80.0
,,201.53004291845494
,,231.0
5acf7809-e2ae-421d-ab9e-c2511f2a8053.csv,80
,,11.75
,,3.8678889139475245
,,19.743040532547653
,,6.868348816248743
,,3.0149888155348634
,,16.192388155425117
,,176.0
,,210.82978723404256
,,218.0
5acf7809-e2ae-421d-ab9e-c2511f2a8053.csv,81
,,24.0
,,5.527906391541368
,,-4.588979001646608
,,7.303178453631421
,,5.072773296615786
,,23.245689014324228
,,139.0
,,201.19791666666666
,,216.0
5acf7809-e2ae-421d-ab9e-c2511f2a8053.csv,82
,,142.25
,,13.458020851469092
,,87.1136651959439
,,14.113144389809447
,,13.055139585096343
,,49.49137802864844
,,104.0
,,205.45342706502637
,,218.0
5acf7809-e2ae-421d-ab9e-c2511f2a8053.csv,83
,,181.25
,,15.191269449366246
,,-84.3574059993339
,,22.80387340727823
,,11.496037665238049
,,63.71625176280136
,,95.0
,,209.54344827586206
,,236.0
5acf7809-e2ae-421d-ab9e-c2511f2a8053.csv,84
,,1180.75
,,38.7734134742615
,,-29.18202941646132
,,48.239929194166116
,,34.28538879995663
,,162.91473657263634
,,92.0
,,204.77726021596442
,,238.0
5acf7809-e2ae-421d-ab9e-c2511f2a8053.csv,85
,,0.5
,,0.7978845608028654
,,90.00003218077504
,,1.0
,,0.0
,,0.0
,,222.0
,,222.5
,,223.0
5acf7809-e2ae-421d-ab9e-c2511f2a8053.csv,86
,,157.5
,,14.161046158239445
,,29.0318180668266
,,18.195312176691136
,,11.677057570198018
,,54.59493141924172
,,82.0
,,197.92698412698414
,,226.0
5acf7809-e2ae-421d-ab9e-c2511f2a8053.csv,87
,,541.75
,,26.263615961254732
,,-62.045706789539146
,,34.19893834762959
,,21.17576967867526
,,104.08021279348029
,,104.0
,,209.9123211813567
,,226.0
5acf7809-e2ae-421d-ab9e-c2511f2a8053.csv,88
,,182.25
,,15.23311875578942
,,-72.67612303421595
,,19.212049438205113
,,12.5319133963591
,,54.67766952966369
,,59.0
,,209.2716049382716
,,228.0
5acf7809-e2ae-421d-ab9e-c2511f2a8053.csv,89
,,0.75
,,0.9772050238058398
,,45.00001609038752
,,1.1547005383792517
,,0.6666666666666666
,,1.7071067811865475
,,208.0
,,208.66666666666666
,,209.0
5acf7809-e2ae-421d-ab9e-c2511f2a8053.csv,90
,,208.25
,,16.283492720884475
,,-25.67674252938534
,,21.36354380630344
,,14.361616821388106
,,71.63046532517446
,,108.0
,,197.90996398559423
,,219.0
5acf7809-e2ae-421d-ab9e-c2511f2a8053.csv,91
,,500.25
,,25.237632263224796
,,4.922286922082239
,,31.059973319569767
,,21.237096864395504
,,96.23401871576773
,,95.0
,,200.0839580209895
,,232.0
5acf7809-e2ae-421d-ab9e-c2511f2a8053.csv,92
,,92.75
,,10.86705883733894
,,27.082182593711238
,,12.9832218699597
,,9.678675774550742
,,41.85229073212244
,,128.0
,,202.05390835579516
,,220.0
5acf7809-e2ae-421d-ab9e-c2511f2a8053.csv,93
,,170.5
,,14.733884157863644
,,2.782592111049124
,,19.4637186760861
,,11.631657522050492
,,60.802038200428264
,,96.0
,,210.13782991202345
,,229.0
5acf7809-e2ae-421d-ab9e-c2511f2a8053.csv,94
,,91.25
,,10.778826859036359
,,35.167653276555136
,,12.999444527973246
,,12.030200013771687
,,54.12741699796952
,,108.0
,,201.63287671232877
,,221.0
5acf7809-e2ae-421d-ab9e-c2511f2a8053.csv,95
,,85.75
,,10.448937312523231
,,73.64850685629624
,,13.628778263002186
,,9.731177308408004
,,46.76650429449553
,,88.0
,,192.82507288629736
,,224.0
5acf7809-e2ae-421d-ab9e-c2511f2a8053.csv,96
,,421.5
,,23.16614918595387
,,-6.3968992042819774
,,27.185664671307748
,,21.34270515521522
,,91.80508652763321
,,95.0
,,206.98932384341637
,,236.0
5acf7809-e2ae-421d-ab9e-c2511f2a8053.csv,97
,,180.5
,,15.159806655254442
,,33.25324596501019
,,29.56505024393638
,,9.636778295227302
,,86.84366876077088
,,77.0
,,197.3005540166205
,,236.0
5acf7809-e2ae-421d-ab9e-c2511f2a8053.csv,98
,,444.0
,,23.77642441290137
,,39.597858909153466
,,37.32837253761354
,,16.2371652911987
,,110.76093065034891
,,100.0
,,204.46846846846847
,,226.0
5acf7809-e2ae-421d-ab9e-c2511f2a8053.csv,99
,,403.25
,,22.65907867532249
,,-85.8270932141527
,,31.947997803362764
,,16.644679584043796
,,92.08021279348029
,,92.0
,,207.73279603223807
,,230.0
5acf7809-e2ae-421d-ab9e-c2511f2a8053.csv,100
,,692.25
,,29.688382826333207
,,-5.557705771928732
,,37.39230815895551
,,26.778674628603703
,,135.16042558696057
,,108.0
,,200.6309136872517
,,216.0
5acf7809-e2ae-421d-ab9e-c2511f2a8053.csv,101
,,75.75
,,9.82078894558317
,,-6.610959929620872
,,19.451931672563884
,,5.628585604719939
,,46.2634559672906
,,159.0
,,207.37293729372936
,,220.0
5acf7809-e2ae-421d-ab9e-c2511f2a8053.csv,102
,,1646.5
,,45.786339779528625
,,27.377460788845017
,,60.74316944617855
,,38.886107823922714
,,226.1370849898476
,,74.0
,,213.3452778621318
,,232.0
5acf7809-e2ae-421d-ab9e-c2511f2a8053.csv,103
,,254.5
,,18.00109619259613
,,-84.2752924022584
,,22.881769256852067
,,14.910917958711128
,,68.81980515339464
,,73.0
,,196.7966601178782
,,219.0
5acf7809-e2ae-421d-ab9e-c2511f2a8053.csv,104
,,1891.0
,,49.06827874599019
,,6.147311442723408
,,78.5320819364527
,,36.85446615129485
,,265.43912319027584
,,84.0
,,214.1118455843469
,,234.0
5acf7809-e2ae-421d-ab9e-c2511f2a8053.csv,105
,,198.0
,,15.877702285203682
,,-0.11368142565438771
,,18.81675798151335
,,14.270802853948785
,,58.384776310850235
,,93.0
,,197.65151515151516
,,216.0
5acf7809-e2ae-421d-ab9e-c2511f2a8053.csv,106
,,1262.0
,,40.08526294607253
,,51.83725221829711
,,54.49491231885016
,,31.034980843994425
,,166.59240610230006
,,100.0
,,210.99029318541997
,,244.0
5acf7809-e2ae-421d-ab9e-c2511f2a8053.csv,107
,,2572.25
,,57.22840569983601
,,-57.96649671985251
,,78.86772767283131
,,49.57095689605423
,,342.7056274847714
,,110.0
,,208.07337933715618
,,223.0
5acf7809-e2ae-421d-ab9e-c2511f2a8053.csv,108
,,2629.0
,,57.85625949807629
,,89.36904707816505
,,82.27233011966797
,,46.48408753196047
,,314.21424945612296
,,85.0
,,202.66936097375427
,,225.0
5acf7809-e2ae-421d-ab9e-c2511f2a8053.csv,109
,,42.75
,,7.377736139048903
,,32.49761891341102
,,10.852754407034455
,,5.578887302710829
,,31.402543263816604
,,167.0
,,212.70760233918128
,,225.0
5acf7809-e2ae-421d-ab9e-c2511f2a8053.csv,110
,,116.0
,,12.153015559492998
,,56.318800342065764
,,14.132425573459416
,,12.118260811352513
,,50.594931419241725
,,157.0
,,205.7456896551724
,,222.0
5acf7809-e2ae-421d-ab9e-c2511f2a8053.csv,111
,,252.5
,,17.93022545997759
,,-65.4480793770671
,,24.94306797873845
,,14.386011438392236
,,75.01219330881975
,,84.0
,,194.9009900990099
,,237.0
5acf7809-e2ae-421d-ab9e-c2511f2a8053.csv,112
,,405.0
,,22.708192698181442
,,-86.65181498600789
,,27.55100694995171
,,21.394713393838938
,,96.52996026178613
,,106.0
,,203.42654320987654
,,216.0
5acf7809-e2ae-421d-ab9e-c2511f2a8053.csv,113
,,587.5
,,27.350104799285653
,,-60.04348582901403
,,32.49658605085425
,,24.32560683547337
,,100.37615433949868
,,132.0
,,211.73106382978725
,,232.0
5acf7809-e2ae-421d-ab9e-c2511f2a8053.csv,114
,,403.25
,,22.65907867532249
,,54.93480229858157
,,28.323878256612478
,,18.563066017554128
,,82.44417382415922
,,110.0
,,208.22628642281464
,,238.0
5acf7809-e2ae-421d-ab9e-c2511f2a8053.csv,115
,,520.5
,,25.74337163299812
,,-83.46652812651455
,,27.45031536153327
,,24.563227518081643
,,90.1335136523794
,,111.0
,,208.21037463976944
,,228.0
5acf7809-e2ae-421d-ab9e-c2511f2a8053.csv,116
,,352.75
,,21.19281126715681
,,-10.906952521596645
,,39.151482689462064
,,12.925932013149595
,,97.25483399593904
,,91.0
,,210.38199858256556
,,232.0
5acf7809-e2ae-421d-ab9e-c2511f2a8053.csv,117
,,890.25
,,33.6675140855466
,,53.2535770274183
,,49.485764192545965
,,24.353965238334645
,,139.52743494484446
,,87.0
,,210.15360853692783
,,232.0
5acf7809-e2ae-421d-ab9e-c2511f2a8053.csv,118
,,614.25
,,27.965825400899107
,,10.180040388849488
,,44.62532721335706
,,20.65674851242321
,,140.26093065034894
,,75.0
,,199.07081807081806
,,230.0
5acf7809-e2ae-421d-ab9e-c2511f2a8053.csv,119
,,709.25
,,30.05070959400816
,,-2.245918555214491
,,44.11868788962729
,,23.38078466353484
,,141.79646455628165
,,110.0
,,211.73880860063448
,,231.0
5acf7809-e2ae-421d-ab9e-c2511f2a8053.csv,120
,,378.5
,,21.9527029698454
,,87.69828894489508
,,37.0032967656479
,,16.167066098591782
,,108.55077554195744
,,76.0
,,200.80779392338178
,,236.0
5acf7809-e2ae-421d-ab9e-c2511f2a8053.csv,121
,,223.5
,,16.869174201729876
,,71.37582554038399
,,24.0569070383516
,,12.884641586740077
,,72.82285348059958
,,118.0
,,206.44854586129753
,,227.0
5acf7809-e2ae-421d-ab9e-c2511f2a8053.csv,122
,,361.75
,,21.46146326110932
,,-8.237901291500584
,,31.245633573368355
,,17.831663246576426
,,115.36143571373725
,,102.0
,,198.30062197650312
,,230.0
5acf7809-e2ae-421d-ab9e-c2511f2a8053.csv,123
,,368.25
,,21.65341687468109
,,4.382404542187165
,,35.95344756432972
,,14.141019810544014
,,90.67766952966369
,,82.0
,,202.49558723693144
,,218.0
5acf7809-e2ae-421d-ab9e-c2511f2a8053.csv,124
,,1423.0
,,42.56547746893175
,,-32.42829354921117
,,60.76272390360142
,,34.55135941820846
,,218.3056095378965
,,74.0
,,209.45063246661982
,,232.0
5acf7809-e2ae-421d-ab9e-c2511f2a8053.csv,125
,,439.25
,,23.648899974944293
,,49.594277061506745
,,30.282172440220588
,,19.233894882528247
,,89.03300858899107
,,125.0
,,207.02959590210585
,,232.0
5acf7809-e2ae-421d-ab9e-c2511f2a8053.csv,126
,,1983.0
,,50.24772648796986
,,-54.61589163502907
,,68.59653927252383
,,41.56452001531861
,,238.04267658086917
,,93.0
,,217.93116490166415
,,240.0
5acf7809-e2ae-421d-ab9e-c2511f2a8053.csv,127
,,266.0
,,18.403307281560924
,,-87.32312715442103
,,24.219614489348555
,,15.125328343439799
,,75.52996026178613
,,145.0
,,208.80921052631578
,,225.0
5acf7809-e2ae-421d-ab9e-c2511f2a8053.csv,128
,,7097.25
,,95.06050367461575
,,-34.02205016306291
,,134.93954163055278
,,76.14304656684335
,,585.4076836320746
,,75.0
,,209.38888301807037
,,238.0
5acf7809-e2ae-421d-ab9e-c2511f2a8053.csv,129
,,164.75
,,14.48330815094114
,,-65.91816478404205
,,18.208752605692457
,,13.952404484208344
,,65.70153313703993
,,166.0
,,207.25189681335357
,,217.0
5acf7809-e2ae-421d-ab9e-c2511f2a8053.csv,130
,,670.75
,,29.223713395650293
,,-24.570673705111314
,,35.943816841348635
,,24.382940639047277
,,112.56549416771885
,,69.0
,,211.5232948192322
,,227.0
5acf7809-e2ae-421d-ab9e-c2511f2a8053.csv,131
,,1480.5
,,43.41694537827838
,,23.176755411662683
,,64.66506176148654
,,35.6368635439578
,,228.27312395916863
,,84.0
,,202.1661600810537
,,218.0
5acf7809-e2ae-421d-ab9e-c2511f2a8053.csv,132
,,297.0
,,19.44613444328572
,,69.90242492898297
,,23.666977326563693
,,17.917907393698478
,,84.65128060534576
,,154.0
,,206.1338383838384
,,224.0
5acf7809-e2ae-421d-ab9e-c2511f2a8053.csv,133
,,750.25
,,30.90708605542677
,,72.63407278889359
,,37.608709478056284
,,27.484049880713044
,,127.72844507162111
,,121.0
,,202.0413195601466
,,230.0
5acf7809-e2ae-421d-ab9e-c2511f2a8053.csv,134
,,2465.25
,,56.02547445277336
,,34.55977458528526
,,113.7174876204368
,,45.96311051710129
,,393.5904037956217
,,76.0
,,205.0490822431802
,,229.0
5acf7809-e2ae-421d-ab9e-c2511f2a8053.csv,135
,,2142.25
,,52.226405339721616
,,59.09784601664193
,,82.24015231253422
,,39.363783340075145
,,261.9746570962086
,,89.0
,,202.62446026374138
,,223.0
5acf7809-e2ae-421d-ab9e-c2511f2a8053.csv,136
,,526.75
,,25.897469571161718
,,-72.09405621900947
,,34.48315653690195
,,20.19412740533969
,,108.0685424949238
,,102.0
,,204.2045562411011
,,217.0
5acf7809-e2ae-421d-ab9e-c2511f2a8053.csv,137
,,403.25
,,22.65907867532249
,,8.960593724497016
,,45.47548693955361
,,12.76667306361529
,,116.66904755831214
,,120.0
,,199.9727216367018
,,235.0
5acf7809-e2ae-421d-ab9e-c2511f2a8053.csv,138
,,83.0
,,10.280023453913834
,,-19.551512629231954
,,13.128353983845674
,,9.03719881414836
,,38.8492424049175
,,164.0
,,203.05722891566265
,,216.0
5acf7809-e2ae-421d-ab9e-c2511f2a8053.csv,139
,,4.25
,,2.326213245840639
,,74.51814837897336
,,3.3788911232007655
,,1.6433933906337215
,,7.121320343559642
,,211.0
,,212.88235294117646
,,215.0
5acf7809-e2ae-421d-ab9e-c2511f2a8053.csv,140
,,593.0
,,27.47782833536798
,,0.8787790908163152
,,44.499964899817996
,,19.625532090465228
,,140.55992052357226
,,107.0
,,207.72765598650926
,,226.0
5acf7809-e2ae-421d-ab9e-c2511f2a8053.csv,141
,,398.25
,,22.518162640206207
,,-7.803018351188319
,,37.56478092654173
,,17.22514312117316
,,107.06549416771887
,,117.0
,,205.78970495919648
,,234.0
5acf7809-e2ae-421d-ab9e-c2511f2a8053.csv,142
,,944.5
,,34.67815955327447
,,-9.912896021028915
,,39.48272114023329
,,31.338531957066813
,,135.34671708797583
,,106.0
,,207.57358390682901
,,233.0
5acf7809-e2ae-421d-ab9e-c2511f2a8053.csv,143
,,56.75
,,8.500373177909337
,,54.01225416899896
,,10.425337406140626
,,7.271708859503466
,,31.65990257669732
,,178.0
,,206.62995594713655
,,218.0
5acf7809-e2ae-421d-ab9e-c2511f2a8053.csv,144
,,279.5
,,18.864528956575565
,,-8.86345082408126
,,30.62498345301952
,,12.876055094344022
,,95.70153313703995
,,83.0
,,200.3237924865832
,,224.0
5acf7809-e2ae-421d-ab9e-c2511f2a8053.csv,145
,,362.75
,,21.491106180294217
,,33.82123604176328
,,35.41182408676777
,,13.473765824341326
,,93.11879502661797
,,86.0
,,204.28738800827017
,,230.0
5acf7809-e2ae-421d-ab9e-c2511f2a8053.csv,146
,,287.25
,,19.124279312569545
,,-89.84634005400973
,,28.485075415026635
,,14.741256427878692
,,83.23401871576773
,,150.0
,,212.1366405570061
,,228.0
5acf7809-e2ae-421d-ab9e-c2511f2a8053.csv,147
,,145.0
,,13.58748446131949
,,59.28877926633132
,,19.819709994396415
,,10.543741036670411
,,59.45584412271571
,,140.0
,,189.58965517241379
,,213.0
5acf7809-e2ae-421d-ab9e-c2511f2a8053.csv,148
,,598.75
,,27.61072576753785
,,-77.89644690065849
,,32.69707214684508
,,25.776164617756244
,,109.93250352560273
,,67.0
,,208.23799582463465
,,231.0
5acf7809-e2ae-421d-ab9e-c2511f2a8053.csv,149
,,7537.0
,,97.96124973002806
,,77.12994383772116
,,211.87672615313957
,,97.59036513802081
,,880.3640507650537
,,0.0
,,214.30648799257
,,255.0
5acf7809-e2ae-421d-ab9e-c2511f2a8053.csv,150
,,212.25
,,16.439132987175398
,,67.7848802526189
,,23.494436004324875
,,12.103666055767972
,,65.61269837220809
,,133.0
,,201.15783274440517
,,222.0
5acf7809-e2ae-421d-ab9e-c2511f2a8053.csv,151
,,513.5
,,25.569679431340276
,,73.68266861715958
,,35.11615269770839
,,19.50081483849634
,,108.1335136523794
,,87.0
,,211.25462512171373
,,230.0
5acf7809-e2ae-421d-ab9e-c2511f2a8053.csv,152
,,647.25
,,28.707216781322323
,,-18.874629535882736
,,32.81630969504757
,,29.666196137607013
,,131.0568721963673
,,135.0
,,206.17110853611433
,,220.0
5acf7809-e2ae-421d-ab9e-c2511f2a8053.csv,153
,,930.75
,,34.42481236350102
,,7.516879476532928
,,43.51372377261832
,,29.324503805493705
,,146.27564927611036
,,88.0
,,212.5006715014773
,,231.0
5acf7809-e2ae-421d-ab9e-c2511f2a8053.csv,154
,,1046.0
,,36.493952427669164
,,4.621329295792314
,,62.64491631448174
,,22.17033544460596
,,163.1010280736516
,,116.0
,,205.69622370936904
,,226.0
5acf7809-e2ae-421d-ab9e-c2511f2a8053.csv,155
,,2600.75
,,57.54457182019842
,,38.633128468263166
,,75.81283952442051
,,48.78446794865206
,,322.20257915756645
,,101.0
,,207.22772277227722
,,227.0
5acf7809-e2ae-421d-ab9e-c2511f2a8053.csv,156
,,640.75
,,28.562707124659166
,,-19.556731152364378
,,34.83367154359172
,,24.15313991895566
,,104.91168824543144
,,156.0
,,211.64611783066718
,,244.0
5acf7809-e2ae-421d-ab9e-c2511f2a8053.csv,157
,,179.25
,,15.10722305368455
,,75.35992786444919
,,22.45601798504954
,,11.138177081477329
,,65.39087296526012
,,99.0
,,207.2147838214784
,,229.0
5acf7809-e2ae-421d-ab9e-c2511f2a8053.csv,158
,,1397.25
,,42.17859592116843
,,57.52075395140209
,,50.62475866915227
,,35.560441986104216
,,159.95941546018392
,,128.0
,,203.24709250313114
,,219.0
5acf7809-e2ae-421d-ab9e-c2511f2a8053.csv,159
,,542.25
,,26.275732970416676
,,38.195119648828346
,,39.4069669354904
,,18.605571680094968
,,107.0685424949238
,,144.0
,,205.6284001844168
,,225.0
5acf7809-e2ae-421d-ab9e-c2511f2a8053.csv,160
,,2403.0
,,55.31360254041131
,,44.77634487716038
,,90.771331863308
,,38.638949945461206
,,279.6995308303615
,,97.0
,,204.99178110694965
,,227.0
5acf7809-e2ae-421d-ab9e-c2511f2a8053.csv,161
,,12.5
,,3.989422804014327
,,59.5796140976785
,,6.450482380862339
,,3.1657032479663227
,,13.949747468305832
,,126.0
,,194.76
,,208.0
5acf7809-e2ae-421d-ab9e-c2511f2a8053.csv,162
,,126.5
,,12.69113085619237
,,7.895662643693307
,,23.784105241367527
,,7.49637486330832
,,59.938077169749334
,,154.0
,,201.35573122529644
,,217.0
5acf7809-e2ae-421d-ab9e-c2511f2a8053.csv,163
,,639.25
,,28.529254791738826
,,75.148850248732
,,36.963051175340304
,,22.26509435235599
,,108.79341622907671
,,90.0
,,207.08251857645678
,,227.0
5acf7809-e2ae-421d-ab9e-c2511f2a8053.csv,164
,,1372.25
,,41.79955699840403
,,5.783915776442096
,,54.53229214589763
,,33.23785559701933
,,177.5776874765386
,,80.0
,,209.68045181271634
,,236.0
5acf7809-e2ae-421d-ab9e-c2511f2a8053.csv,165
,,330.5
,,20.51354843840946
,,-86.7928675288762
,,24.993448189971534
,,17.659269452413547
,,77.1335136523794
,,140.0
,,210.96974281391832
,,228.0
5acf7809-e2ae-421d-ab9e-c2511f2a8053.csv,166
,,89.75
,,10.689866656791414
,,-7.770798231644493
,,15.195231400273235
,,8.692253164891856
,,48.33452377915607
,,66.0
,,195.56545961002786
,,218.0
5acf7809-e2ae-421d-ab9e-c2511f2a8053.csv,167
,,532.5
,,26.038434238092623
,,81.19456514792783
,,42.87004821711663
,,19.03686187004302
,,118.6218433538229
,,107.0
,,206.49107981220658
,,243.0
5acf7809-e2ae-421d-ab9e-c2511f2a8053.csv,168
,,585.0
,,27.29185104880338
,,45.7218625777117
,,46.08888257481785
,,21.886742698961328
,,132.39696961967
,,108.0
,,202.49487179487178
,,229.0
5acf7809-e2ae-421d-ab9e-c2511f2a8053.csv,169
,,729.75
,,30.481905415680384
,,-56.64310563030134
,,37.99144384544819
,,26.759880916188727
,,129.91778489984128
,,115.0
,,201.3007879410757
,,221.0
5acf7809-e2ae-421d-ab9e-c2511f2a8053.csv,170
,,1635.75
,,45.63662548108199
,,-37.72959250291436
,,53.93843160741778
,,40.525167019631894
,,183.64875528840412
,,94.0
,,209.39217484334404
,,227.0
5acf7809-e2ae-421d-ab9e-c2511f2a8053.csv,171
,,1425.25
,,42.59911573182935
,,-15.112004063981534
,,65.8362736612148
,,34.792642003391926
,,199.7903679018718
,,109.0
,,206.85423609893002
,,231.0
5acf7809-e2ae-421d-ab9e-c2511f2a8053.csv,172
,,1746.5
,,47.156260081562465
,,41.6111805580053
,,54.38485589192159
,,44.49568948546566
,,194.02133829043458
,,66.0
,,211.31033495562554
,,232.0
5acf7809-e2ae-421d-ab9e-c2511f2a8053.csv,173
,,446.75
,,23.84994269616667
,,24.520165661294556
,,26.596539982346226
,,22.463452901902805
,,93.20458146424487
,,87.0
,,202.2988248461108
,,231.0
5acf7809-e2ae-421d-ab9e-c2511f2a8053.csv,174
,,70.5
,,9.474354220939228
,,-51.50969803198014
,,12.508356022719855
,,7.742408057819682
,,39.09188309203678
,,157.0
,,204.02482269503545
,,217.0
5acf7809-e2ae-421d-ab9e-c2511f2a8053.csv,175
,,0.5
,,0.7978845608028654
,,0.0
,,1.0
,,0.0
,,0.0
,,214.0
,,214.0
,,214.0
5acf7809-e2ae-421d-ab9e-c2511f2a8053.csv,176
,,238.0
,,17.407785949022028
,,-36.316438181803036
,,31.490079467867847
,,10.537036545344648
,,79.40863991822647
,,127.0
,,203.9170168067227
,,223.0
5acf7809-e2ae-421d-ab9e-c2511f2a8053.csv,177
,,2.0
,,1.5957691216057308
,,54.64504264869654
,,2.2539469568767814
,,1.052246699014018
,,4.121320343559642
,,214.0
,,214.0
,,214.0
5acf7809-e2ae-421d-ab9e-c2511f2a8053.csv,178
,,6.75
,,2.9316150714175193
,,32.388049882121535
,,5.966673144311104
,,2.777218128400292
,,11.053300858899107
,,197.0
,,210.7037037037037
,,216.0
5acf7809-e2ae-421d-ab9e-c2511f2a8053.csv,179
,,189.75
,,15.543397428281152
,,-47.414709843155904
,,18.847511763052545
,,13.887171484263735
,,62.66295090390226
,,153.0
,,210.81422924901185
,,235.0
5acf7809-e2ae-421d-ab9e-c2511f2a8053.csv,180
,,444.0
,,23.77642441290137
,,2.6805416782975566
,,34.330925008892436
,,18.6918029346951
,,109.97970773009196
,,89.0
,,204.4222972972973
,,222.0
5acf7809-e2ae-421d-ab9e-c2511f2a8053.csv,181
,,565.25
,,26.827199866209494
,,-20.353903184233467
,,37.426060904911886
,,27.122083320377715
,,144.3050865276332
,,92.0
,,198.48739495798318
,,226.0
5acf7809-e2ae-421d-ab9e-c2511f2a8053.csv,182
,,250.75
,,17.86798298192446
,,16.169221101109393
,,23.56640786862932
,,13.946098803469757
,,67.198484809835
,,68.0
,,203.51744765702892
,,240.0
5acf7809-e2ae-421d-ab9e-c2511f2a8053.csv,183
,,90.75
,,10.749255261864239
,,28.596430921717495
,,13.270940785568248
,,9.213464120635356
,,40.42031021678297
,,112.0
,,192.3526170798898
,,221.0
5acf7809-e2ae-421d-ab9e-c2511f2a8053.csv,184
,,503.75
,,25.32576594419877
,,77.26787791119698
,,29.872610080488283
,,22.12460468026779
,,95.04772721475248
,,136.0
,,200.712158808933
,,219.0
5acf7809-e2ae-421d-ab9e-c2511f2a8053.csv,185
,,1.0
,,1.1283791670955126
,,31.71748575249332
,,1.618033988749895
,,0.6180339887498949
,,2.2071067811865475
,,206.0
,,206.5
,,207.0
5acf7809-e2ae-421d-ab9e-c2511f2a8053.csv,186
,,758.25
,,31.071431972077455
,,66.30952581253655
,,34.30578830001866
,,29.656497322505373
,,120.13351365237939
,,78.0
,,209.9195515990768
,,226.0
5acf7809-e2ae-421d-ab9e-c2511f2a8053.csv,187
,,65.5
,,9.13220620552083
,,17.944535633841948
,,11.688653967126067
,,8.05969041009987
,,36.730970388562795
,,130.0
,,196.09923664122138
,,218.0
5acf7809-e2ae-421d-ab9e-c2511f2a8053.csv,188
,,147.5
,,13.704117368456696
,,82.59975372515152
,,24.217299685119926
,,9.935106019150751
,,75.18071785686863
,,98.0
,,193.28305084745762
,,222.0
5acf7809-e2ae-421d-ab9e-c2511f2a8053.csv,189
,,973.75
,,35.21103529698984
,,-84.78170492907435
,,82.6124750668867
,,19.47750088987324
,,195.74316369738258
,,96.0
,,207.26238767650835
,,241.0
5acf7809-e2ae-421d-ab9e-c2511f2a8053.csv,190
,,102.0
,,11.396070970426017
,,-17.717109771348042
,,14.272019411591803
,,9.386309744898718
,,43.316756826189696
,,150.0
,,197.52450980392157
,,216.0
5acf7809-e2ae-421d-ab9e-c2511f2a8053.csv,191
,,185.0
,,15.347615963921077
,,63.23478546614262
,,23.230537594823666
,,11.698583522696891
,,66.47665940288702
,,137.0
,,196.55135135135134
,,227.0
5acf7809-e2ae-421d-ab9e-c2511f2a8053.csv,192
,,248.75
,,17.796582164923457
,,37.302846097791246
,,23.922125595107634
,,14.313074041674762
,,74.698484809835
,,105.0
,,205.14773869346735
,,230.0
5acf7809-e2ae-421d-ab9e-c2511f2a8053.csv,193
,,627.0
,,28.254578293596012
,,-73.4803701121266
,,41.89646245361267
,,21.3071282451043
,,117.9086399182265
,,61.0
,,203.30781499202553
,,221.0
5acf7809-e2ae-421d-ab9e-c2511f2a8053.csv,194
,,78.25
,,9.981532666656284
,,-81.1802815562274
,,12.819666466955704
,,9.0584526126115
,,44.26650429449553
,,141.0
,,208.1405750798722
,,220.0
5acf7809-e2ae-421d-ab9e-c2511f2a8053.csv,195
,,1049.75
,,36.5593108808924
,,89.06092475799284
,,81.38590578434876
,,17.21620420660045
,,186.54467888754752
,,69.0
,,200.78637770897834
,,222.0
5acf7809-e2ae-421d-ab9e-c2511f2a8053.csv,196
,,218.75
,,16.688952945311364
,,56.75394167853672
,,23.25340639980727
,,12.671578322085574
,,69.18071785686863
,,1.0
,,210.168
,,235.0
5acf7809-e2ae-421d-ab9e-c2511f2a8053.csv,197
,,196.75
,,15.827503922812443
,,52.767234175502786
,,24.622568323149576
,,11.62565713587362
,,73.64518395093589
,,73.0
,,210.14866581956798
,,238.0
5acf7809-e2ae-421d-ab9e-c2511f2a8053.csv,198
,,167.0
,,14.581872443920643
,,72.59481626203353
,,18.994939577091852
,,12.842349041132218
,,63.748737341529164
,,48.0
,,182.9056886227545
,,220.0
5acf7809-e2ae-421d-ab9e-c2511f2a8053.csv,199
,,439.5
,,23.655628926560038
,,-87.85375229354985
,,34.82488617985986
,,17.35981753355756
,,96.21320343559643
,,97.0
,,201.13083048919228
,,227.0
5acf7809-e2ae-421d-ab9e-c2511f2a8053.csv,200
,,219.0
,,16.698486766680407
,,-81.9791418416392
,,22.049132531867095
,,16.2261797487469
,,80.61269837220809
,,160.0
,,207.86415525114154
,,225.0
5acf7809-e2ae-421d-ab9e-c2511f2a8053.csv,201
,,169.25
,,14.679774962390475
,,65.2959598988975
,,15.179647816523495
,,14.762830880194068
,,53.21320343559643
,,124.0
,,199.04283604135892
,,221.0
5acf7809-e2ae-421d-ab9e-c2511f2a8053.csv,202
,,163.5
,,14.428259270064393
,,-85.51748964132237
,,23.11114605885713
,,9.951861690199246
,,65.2842712474619
,,96.0
,,206.97400611620796
,,220.0
5acf7809-e2ae-421d-ab9e-c2511f2a8053.csv,203
,,184.5
,,15.326861909850873
,,-87.77917701219452
,,27.15085859589529
,,9.075536076326099
,,64.97056274847714
,,84.0
,,194.8048780487805
,,223.0
5acf7809-e2ae-421d-ab9e-c2511f2a8053.csv,204
,,51.5
,,8.097643889049511
,,89.37534251903094
,,13.294138434703108
,,5.5347023520661285
,,33.4350288425444
,,155.0
,,200.18446601941747
,,218.0
